Data S2 Results of temperature reconstruction and diagnostics,,,,,,,,,,,,,,,,
Year (C.E.),Temperature reconstruction (?),Error  (?),,Year (C.E.),Nearest modern analogue,5% pencentile,,Year (C.E.),Goodness-of-fit,90% pencentile,,Year (C.E.),Rare taxa (%),,Year (C.E.),Not present taxa (%)
1970,14.24369,0.54464,,1970,32.2872,30.22114,,1970,6.845,6.5933,,1970,12.72727,,1970,0
1941,13.08175,0.54925,,1941,28.53112,30.22114,,1941,4.8303,6.5933,,1941,2.43902,,1941,0.81301
1929,14.36182,0.60751,,1929,34.06645,30.22114,,1929,6.7699,6.5933,,1929,3.30579,,1929,0.82645
1917,14.07894,0.55032,,1917,31.44522,30.22114,,1917,4.3743,6.5933,,1917,1.05263,,1917,1.57895
1906,14.10959,0.5585,,1906,35.29857,30.22114,,1906,4.7186,6.5933,,1906,2.66667,,1906,2
1894,13.03094,0.61741,,1894,36.06607,30.22114,,1894,4.4037,6.5933,,1894,3.7037,,1894,0.74074
1870,14.03433,0.47635,,1870,30.88936,30.22114,,1870,3.3632,6.5933,,1870,1.03627,,1870,0
1859,12.94488,0.59723,,1859,29.41235,30.22114,,1859,5.9892,6.5933,,1859,0,,1859,0.72464
1835,11.89259,0.58336,,1835,26.14132,30.22114,,1835,4.7104,6.5933,,1835,0,,1835,0
1799,12.56392,0.59222,,1799,24.8495,30.22114,,1799,3.879,6.5933,,1799,1.6129,,1799,0
1764,12.08415,0.37738,,1764,30.21591,30.22114,,1764,2.5391,6.5933,,1764,0,,1764,2.16216
1565,11.95394,0.54545,,1565,27.67697,30.22114,,1565,4.9497,6.5933,,1565,3.38983,,1565,0
1534,10.83362,0.58146,,1534,28.26637,30.22114,,1534,4.7734,6.5933,,1534,0.70423,,1534,0
1516,12.00953,0.37981,,1516,28.14928,30.22114,,1516,2.8477,6.5933,,1516,0.49261,,1516,0.65681
1503,10.22363,0.49704,,1503,32.18441,30.22114,,1503,4.8473,6.5933,,1503,3.52941,,1503,0
1491,11.31431,0.60968,,1491,28.12478,30.22114,,1491,5.5889,6.5933,,1491,1.6129,,1491,0
1479,11.53121,0.55538,,1479,23.78542,30.22114,,1479,4.8168,6.5933,,1479,0,,1479,0
1466,11.56585,0.41095,,1466,29.76249,30.22114,,1466,4.1136,6.5933,,1466,1.5748,,1466,0
1453,10.61342,0.55127,,1453,25.42284,30.22114,,1453,5.1698,6.5933,,1453,0,,1453,0
1441,11.11636,0.43742,,1441,30.9042,30.22114,,1441,3.3154,6.5933,,1441,0,,1441,2.30415
1421,11.71059,0.53841,,1421,27.82873,30.22114,,1421,3.8772,6.5933,,1421,4.71698,,1421,0
1383,11.36565,0.55108,,1383,26.36745,30.22114,,1383,4.1328,6.5933,,1383,2.18579,,1383,0
1358,12.84408,0.39491,,1358,31.91845,30.22114,,1358,3.8429,6.5933,,1358,2.04082,,1358,0
1333,12.2532,0.38523,,1333,36.21564,30.22114,,1333,3.8481,6.5933,,1333,0,,1333,0
1320,11.72686,0.42581,,1320,26.47265,30.22114,,1320,5.5422,6.5933,,1320,2.15827,,1320,0
1295,12.52785,0.51879,,1295,32.23262,30.22114,,1295,3.2099,6.5933,,1295,0.72993,,1295,2.91971
1276,12.3824,0.39367,,1276,30.97091,30.22114,,1276,3.9579,6.5933,,1276,0,,1276,0
1147,13.72008,0.47049,,1147,25.8427,30.22114,,1147,2.8565,6.5933,,1147,0,,1147,0.83333
1119,11.55512,0.40106,,1119,24.64084,30.22114,,1119,3.048,6.5933,,1119,1.19048,,1119,3.57143
1091,13.31148,0.33626,,1091,28.46482,30.22114,,1091,1.9917,6.5933,,1091,1.89573,,1091,1.4218
1062,12.77467,0.3761,,1062,32.8922,30.22114,,1062,3.6897,6.5933,,1062,4.02685,,1062,5.36913
1034,12.46692,0.47848,,1034,31.72652,30.22114,,1034,5.8051,6.5933,,1034,5.52486,,1034,0
1019,11.60681,0.389,,1019,28.64737,30.22114,,1019,3.4276,6.5933,,1019,4.16667,,1019,0
998,10.83118,0.48263,,998,27.90974,30.22114,,998,4.1272,6.5933,,998,1.78571,,998,1.78571
977,12.30464,0.46309,,977,31.93825,30.22114,,977,3.7324,6.5933,,977,0,,977,0
962,9.95845,0.5036,,962,28.61668,30.22114,,962,4.3322,6.5933,,962,1.42857,,962,1.42857
948,11.22112,0.62668,,948,30.75055,30.22114,,948,5.7892,6.5933,,948,0,,948,0
934,10.06796,0.57004,,934,26.08966,30.22114,,934,6.0767,6.5933,,934,2.25225,,934,0.45045
919,9.92521,0.55925,,919,30.67711,30.22114,,919,6.0455,6.5933,,919,0,,919,1.5625
905,10.81298,0.52256,,905,29.32765,30.22114,,905,5.6124,6.5933,,905,1.05263,,905,1.05263
890,11.87924,0.46309,,890,29.97677,30.22114,,890,4.7611,6.5933,,890,1.44404,,890,1.08303
875,11.85171,0.45273,,875,32.81021,30.22114,,875,4.1867,6.5933,,875,2.27273,,875,0
838,11.43255,0.38767,,838,27.60177,30.22114,,838,3.0543,6.5933,,838,1.26582,,838,3.79747
831,12.41879,0.43191,,831,28.15896,30.22114,,831,3.2643,6.5933,,831,0,,831,0.84746
801,13.18967,0.42489,,801,30.50131,30.22114,,801,3.1488,6.5933,,801,1.23457,,801,2.46914
763,12.06396,0.57227,,763,27.54486,30.22114,,763,4.5804,6.5933,,763,2,,763,0
670,12.03787,0.58318,,670,24.07093,30.22114,,670,3.6594,6.5933,,670,2.14286,,670,0
648,12.23768,0.3617,,648,28.31851,30.22114,,648,3.0607,6.5933,,648,1.52672,,648,0
626,13.23216,0.51665,,626,29.69694,30.22114,,626,3.8012,6.5933,,626,2.5641,,626,0.64103
596,12.20026,0.51972,,596,27.05728,30.22114,,596,3.1387,6.5933,,596,0.6192,,596,0.92879
580,12.92542,0.4239,,580,25.64529,30.22114,,580,2.972,6.5933,,580,0.6993,,580,0
564,11.24829,0.48314,,564,26.8371,30.22114,,564,3.7959,6.5933,,564,3.48837,,564,0
547,12.40747,0.46755,,547,30.31318,30.22114,,547,4.5894,6.5933,,547,4.10448,,547,0
538,9.23387,0.56798,,538,29.06433,30.22114,,538,5.9814,6.5933,,538,3.38983,,538,0
520,11.86508,0.5575,,520,31.97922,30.22114,,520,5.2759,6.5933,,520,0.42918,,520,0
511,11.6493,0.40983,,511,32.19967,30.22114,,511,3.9533,6.5933,,511,5.35714,,511,0
493,12.26234,0.50887,,493,27.25692,30.22114,,493,3.4278,6.5933,,493,1.70648,,493,0
475,11.23736,0.47203,,475,32.74234,30.22114,,475,3.6861,6.5933,,475,7.42857,,475,1.14286
457,12.79697,0.56068,,457,30.83706,30.22114,,457,6.1,6.5933,,457,5.34759,,457,0
447,11.33616,0.39868,,447,28.6452,30.22114,,447,2.912,6.5933,,447,1.37457,,447,2.4055
419,13.74063,0.48806,,419,26.51209,30.22114,,419,3.7424,6.5933,,419,1.69492,,419,0
382,13.07495,0.50713,,382,32.32085,30.22114,,382,5.7041,6.5933,,382,3.97727,,382,0
343,12.2944,0.51552,,343,26.05207,30.22114,,343,3.7525,6.5933,,343,0.83333,,343,0
293,12.91844,0.4843,,293,26.95009,30.22114,,293,2.7554,6.5933,,293,2.89855,,293,0
251,12.31963,0.57607,,251,32.00776,30.22114,,251,5.5831,6.5933,,251,0,,251,0
208,12.67234,0.52313,,208,24.27192,30.22114,,208,4.426,6.5933,,208,0,,208,0
176,12.44067,0.50446,,176,28.89643,30.22114,,176,3.4466,6.5933,,176,0,,176,0
153,11.8527,0.41211,,153,26.44049,30.22114,,153,4.4526,6.5933,,153,0,,153,0
131,13.15653,0.55517,,131,30.79898,30.22114,,131,4.9752,6.5933,,131,0,,131,0
86,13.28648,0.50304,,86,31.45998,30.22114,,86,6.4041,6.5933,,86,1.21951,,86,0
63,13.26132,0.50465,,63,30.96104,30.22114,,63,4.1026,6.5933,,63,0,,63,0
39,13.15906,0.50321,,39,35.067,30.22114,,39,5.2241,6.5933,,39,1.94805,,39,0
-8,12.5886,0.58426,,-8,33.25302,30.22114,,-8,5.5331,6.5933,,-8,0,,-8,0
-56,12.84182,0.53917,,-56,34.43956,30.22114,,-56,6.0678,6.5933,,-56,2.72109,,-56,0
-81,11.61949,0.45055,,-81,33.36018,30.22114,,-81,4.6134,6.5933,,-81,3.26087,,-81,3.07971
-106,11.98449,0.44478,,-106,35.56091,30.22114,,-106,4.5063,6.5933,,-106,8.18966,,-106,2.58621
-118,12.74533,0.45024,,-118,32.91537,30.22114,,-118,4.8421,6.5933,,-118,0,,-118,0.78125
-131,11.24433,0.5231,,-131,28.08384,30.22114,,-131,3.9704,6.5933,,-131,0,,-131,0
-169,9.78887,0.65835,,-169,27.65555,30.22114,,-169,5.919,6.5933,,-169,0,,-169,0
-195,11.38669,0.541,,-195,33.03866,30.22114,,-195,4.4878,6.5933,,-195,5.4878,,-195,0
-234,11.77888,0.64431,,-234,25.75803,30.22114,,-234,4.326,6.5933,,-234,0,,-234,0
-315,13.9487,0.47237,,-315,27.64338,30.22114,,-315,2.8813,6.5933,,-315,0,,-315,0
-369,12.33035,0.45249,,-369,27.74438,30.22114,,-369,3.963,6.5933,,-369,2.73973,,-369,1.36986
-397,11.74381,0.5721,,-397,23.97416,30.22114,,-397,3.9569,6.5933,,-397,0,,-397,0
-453,11.86474,0.43685,,-453,32.64779,30.22114,,-453,4.2525,6.5933,,-453,0,,-453,1.47783
