序号,朝代,书目,古地名,地理描述,景观产业描述,人口描述,今地区_y
1,汉朝,《汉书·西域传》,西域,西域以孝武时始通，本三十六国，其后稍分至五十余，皆在匈奴之西，乌孙之南。南北有大山，中央有河，东西六千余里，南北千余里。东则接汉，厄以玉门、阳关，西则限以葱岭。其南山，东出金城，与汉南山属焉。,,,新疆
2,汉朝,《汉书·西域传》,西域,其河有两原：一出葱岭山，一出于阗。”于阗在南山下，其河北流，与葱岭河合，东注蒲昌海。蒲昌海，一名盐泽者也，去玉门、阳关三百余里，广袤三百里。其水亭居，冬夏不增减，皆以为潜行地下，南出于积石，为中国河云。,,,新疆
3,汉朝,《汉书·西域传》,西域,自玉门、阳关出西域有两道。从鄯善傍南山北，波河西行至莎车，为南道；南道西逾葱岭则出大月氏、安息。自车师前王廷随北山，波河西行至疏勒，为北道；北道西逾葱岭则出大宛、康居、奄蔡焉。,,,新疆
4,汉朝,《汉书·西域传》,婼羌国,去阳关千八百里，去长安六千三百里。西与且末接，西北至鄯善。,山有铁，民随畜逐水草，不田作。,户四百五十，口千七百五十，胜兵五百人。,新疆巴音郭楞州且末县
5,汉朝,《汉书·西域传》,鄯善国,王治扜泥城，去阳关千六百里，去长安六千一百里。西北去都护千七百八十五里，至山国千三百六十五里，至车师千八百九十里。,地沙卤，少田，寄田旁国。国出玉，多葭苇、柽柳、胡桐、白草。民随畜牧，能作兵。,户千五百七十，口万四千一百，胜兵二千九百十二人。,新疆巴音郭楞州且末县
6,汉朝,《汉书·西域传》,且末国,王治且末城，去长安六千八百二十里。西北至都护二千二百五十八里，北接尉犁，南至小宛，西通精绝。,有蒲陶诸果。自且末以往皆种五谷。,户二百三十，口千六百一十，胜兵三百二十人。,新疆昌吉回族自治州木垒县
7,汉朝,《汉书·西域传》,小宛国,王治扜零城，去长安七千二百一十里。西北至都护二千五百五十八里，东与婼羌接。,土地草木，畜产作兵，略与汉同。,户百五十，口千五十，胜兵二百人。,新疆和田地区皮山县
8,汉朝,《汉书·西域传》,精绝国,王治精绝城，去长安八千八百二十里。北至都护二千七百二十三里，南至戎卢四日行，西通扜弥。,地厄??。,户四百八十，口三千三百六十，胜兵五百人。,新疆巴音郭楞州轮台县
9,汉朝,《汉书·西域传》,戎卢国,王治卑品城，去长安八千三百里。东北至都护二千八百五十八里，东与小宛，南与婼羌，西与渠勒接。,,户二百四十，口千六百一十，胜兵三百人。,新疆巴音郭楞州若羌县
10,汉朝,《汉书·西域传》,扜弥国,王治扜弥城，去长安九千二百八十里。东北至都护三千五百五十三里，南与渠勒、东北与龟兹、西北与姑墨接，西通于阗。,,户三千三百四十，口二万四十，胜兵三千五百四十人。,新疆伊宁市
11,汉朝,《汉书·西域传》,渠勒国,王治鞬都城，去长安九千九百五十里。东北至都护三千八百五十二里，东与戎卢、西与婼羌、北与扜弥接。,,户三百一十，口二千一百七十，胜兵三百人。,新疆昌吉市
12,汉朝,《汉书·西域传》,于阗国,王治西城，去长安九千六百七十里。东北至都护三千九百四十七里，南与婼羌，北与姑墨接。,多玉石。水东流注盐泽，西流注西海。,户三千三百，口万九千三百，胜兵二千四百人。,新疆和田县
13,汉朝,《汉书·西域传》,皮山国,王治皮山城，去长安万五十里。东北至都护四千二百九十二里，南接天笃，西北通莎车。,,户五百，口三千五百，胜兵五百人。,新疆和田地区民丰县
14,汉朝,《汉书·西域传》,乌秅国,王治乌秅城，去长安九千九百五十里。东北至都护四千八百九十二里，北与子合、蒲犁，西与难兜接。,山居，田石间，有白草，累石为室。民接手饮。出小步马。,户四百九十，口二千七百三十三，胜兵七百四十人。,新疆塔什库尔干塔吉克自治县
15,汉朝,《汉书·西域传》,西夜国,王治呼犍谷，去长安万二百五十里。东北到都护五千四十六里，北与莎车、西与蒲犁接。,土地出玉石。种类羌氐行国，随畜逐水草。,户三百五十，口四千，胜兵千人。,新疆巴音郭楞州焉耆县
16,汉朝,《汉书·西域传》,蒲犁国,王治蒲犁谷，去长安九千五百五十里。东北至都护五千三百九十六里，东至莎车五百四十里。,寄田莎车，种俗与子合同。,户六百五十，口五千，胜兵二千人。,新疆塔城市
17,汉朝,《汉书·西域传》,依耐国,去长安万一百五十里。东北至都护二千七百三十里，至莎车、无雷各五百四十里，北至疏勒六百五十里。,少谷，寄田疏勒、莎车，俗与子合同。,户一百二十五，口六百七十，胜兵三百五十人。,新疆塔什库尔干塔吉克自治县
18,汉朝,《汉书·西域传》,无雷国,王治卢城，去长安九千九百五十里。东北至都护二千四百六十五里，南至蒲犁五百四十里。,衣服类乌孙，俗与子合同。,户千，口七千，胜兵三千人。,新疆塔城市
19,汉朝,《汉书·西域传》,难兜国,去长安万一百五十里。东北至都护二千八百五十里，西至无雷三百四十里。,有银铜铁，作兵与诸国同。种五谷、蒲陶诸果。,户五千，口三万一千，胜兵八千人。,新疆塔城市
20,汉朝,《汉书·西域传》,莎车国,王治莎车城，去长安九千九百五十里。东北至都护四千七百四十六里，西至疏勒五百六十里。,有铁山，出青玉。,户二千三百三十九，口万六千三百七十三，胜兵三千四十九人。,新疆巴音郭楞州若羌县
21,汉朝,《汉书·西域传》,疏勒国,王治疏勒城，去长安九千三百五十里。东至都护二千二百一十里，南至莎车五百六十里。,有市列，西当大月氏、大宛、康居道。,户千五百一十，口万八千六百四十七，胜兵二千人。,新疆喀什地区叶城县
22,汉朝,《汉书·西域传》,尉头国,王治尉头谷，去长安八千六百五十里。东至都护千四百一十一里，南与疏勒接。,田畜随水草，衣服类乌孙。,户三百，口二千三百，胜兵八百人。,新疆克孜勒苏柯尔克孜自治州阿合奇县
23,汉朝,《汉书·西域传》,乌孙国,大昆弥治赤谷城，去长安八千九百里。东至都护治所千七百二十一里，西至康居蕃内地五千里。东与匈奴、西北与康居、西与大宛、南与城郭诸河相接。,地莽平。多雨，寒。山多松??。不田作种树，随畜逐水草，与匈奴同俗。国多马，富人至四五千匹。,户十二万，口六十三万，胜兵十八万八千八百人。,新疆伊犁州
24,汉朝,《汉书·西域传》,姑墨国,王治南城，去长安八千一百五十里。东至都护治所二千二十一里，南至于阗马行十五日，北与乌孙接。东通龟兹六百七十里。,出铜、铁、雌黄。,户三千五百，口二万四千五百，胜兵四千五百人。,新疆吐鲁番市鄯善县
25,汉朝,《汉书·西域传》,温宿国,王治温宿城，去长安八千三百五十里。东至都护治所二千三百八十里，西至尉头三百里，北至乌孙赤谷六百一十里。东通姑墨二百七十里。,土地物类所有与鄯善诸国同。,户二千二百，口八千四百，胜兵千五百人。,新疆乌恰县
26,汉朝,《汉书·西域传》,龟兹国,王治延城，去长安七千四百八十里。南与精绝、东南与且末、西南与杅弥、北与乌孙、西与姑墨接。东至都护治所乌垒城三百五十里。,能铸冶，有??。,户六千九百七十，口八万一千三百一十七，胜兵二万一千七十六人。,新疆喀什市
27,汉朝,《汉书·西域传》,乌垒,与都护同治。其南三百三十里至渠犁。,,户百一十，口千二百，胜兵三百人。,新疆库尔勒市
28,汉朝,《汉书·西域传》,渠犁,东北与尉犁、东南与且末、南与精绝接。西有河，至龟兹五百八十里。,饶水草，有溉田五千顷以上，处温和，田美。,户百三十，口千四百八十，胜兵百五十人。,新疆库尔勒市
29,汉朝,《汉书·西域传》,尉犁国,王治尉犁城，去长安六千七百五十里。西至都护治所三百里，南与鄯善、且末接。东通龟兹六百五十里。,,户千二百，口九千六百，胜兵二千人。,新疆阿克苏地区库车市
30,汉朝,《汉书·西域传》,危须国,王治危须城，去长安七千二百九十里。西至都护治所五百里，至焉耆百里。,,户七百，口四千九百，胜兵二千人。,新疆巴音郭楞州焉耆县
31,汉朝,《汉书·西域传》,焉耆国,王治员渠城，去长安七千三百里。西南至都护治所四百里，南至尉犁百里，北与乌孙接。,近海水多鱼。,户四千，口三万二千一百，胜兵六千人。,新疆巴音郭楞州焉耆县
32,汉朝,《汉书·西域传》,乌贪訾离国,王治于娄谷，去长安万三百三十里。东与单桓、南与且弥、西与乌孙接。,,户四十一，口二百三十一，胜兵五十七人。,新疆和田县
33,汉朝,《汉书·西域传》,卑陆国,王治天山东乾当国，去长安八千六百八十里。西南至都护治所千二百八十七里。,,户二百二十七，口千三百八十七，胜兵四百二十二人。,新疆伊犁州霍城县
34,汉朝,《汉书·西域传》,卑陆后国,王治番渠类谷，去长安八千七百一十里。东与郁立师、北与匈奴、西与劫国、南与车师接。,,户四百六十二，口千一百三十七，胜兵三百五十人。,新疆昌吉市
35,汉朝,《汉书·西域传》,郁立师国,王治内咄谷，去长安八千八百三十里。东与车师后城长、西与卑陆、北与匈奴接。,,户百九十，口千四百四十五，胜兵三百三十一人。,新疆哈密市
36,汉朝,《汉书·西域传》,单桓国,王治单桓城，去长安八千八百七十里。,,户二十七，口百九十四，胜兵四十五人。,新疆昌吉市
37,汉朝,《汉书·西域传》,蒲类国,王治天山西疏榆谷，去长安八千三百六十里。西南至都护治所千三百八十七里。,,户三百二十五，口二千三十二，胜兵七百九十九人。,新疆巴音郭楞州若羌县
38,汉朝,《汉书·西域传》,蒲类后国,王去长安八千六百三十里。,,户百，口千七十，胜兵三百三十四人。,新疆和田地区民丰县
39,汉朝,《汉书·西域传》,西且弥国,王治天山东于大谷，去长安八千六百七十里。西南至都护治所千四百八十七里。,,户三百三十二，口一千九百二十六，胜兵七百三十八人。,新疆哈密市
40,汉朝,《汉书·西域传》,东且弥国,王治天山东兑虚谷，去长安八千二百五十里。西南至都护治所千五百八十七里。,,户百九十一，口千九百四十八，胜兵五百七十二人。,新疆昌吉市
41,汉朝,《汉书·西域传》,劫国,王治天山东丹渠谷，去长安八千五百七十里。西南至都护治所千四百八十七里。,,户九十九，口五百，胜兵百一十五人。,新疆乌鲁木齐市
42,汉朝,《汉书·西域传》,狐胡国,王治车师柳谷，去长安八千二百里。西至都护治所千一百四十七里，至焉耆七百七十里。,,户五十五，口二百六十四，胜兵四十五人。,新疆塔什库尔干塔吉克自治县
43,汉朝,《汉书·西域传》,山国,王去长安七千一百七十里。西至尉犁二百四十里，西北至焉耆百六十里，西至危须二百六十里，东南与鄯善、且末接。,山出铁，民山居，寄田籴谷于焉耆、危须。,户四百五十，口五千，胜兵千人。,新疆阿克苏地区库车市
44,汉朝,《汉书·西域传》,车师前国,王治交河城，去长安八千一百五十里。西南至都护治所千八百七里，至焉耆八百三十五里。,河水分流绕城下。,户七百，口六千五十，胜兵千八百六十五人。,新疆吐鲁番市高昌区
45,汉朝,《汉书·西域传》,车师后王国,治务涂谷，去长安八千九百五十里。西南至都护治所千二百三十七里。,,户五百九十五，口四千七百七十四，胜兵千八百九十人。,新疆伊犁州霍城县
46,汉朝,《汉书·西域传》,车师都尉国,,,户四十，口三百三十三，胜兵八十四人。,新疆吐鲁番市
47,汉朝,《汉书·西域传》,车师后城长国,,,户百五十四，口九百六十，胜兵二百六十人。,新疆和田地区民丰县
48,汉朝,《后汉书·西域传》,西域 ,东西六千余里，南北千余里，东极玉门、阳关，西至葱领。其东北与匈奴、乌孙相接。,南北有大山，中央有河。其南山东出金城，与汉南山属焉。其河有两源。,,新疆
49,汉朝,《后汉书·西域传》,伊吾,自敦煌西出玉门、阳关，涉鄯善，北通伊吾千余里。置宜禾都尉以屯田。开设屯田。,地宜五谷、桑麻。膏腴之地。,,新疆哈密市
50,汉朝,《后汉书·西域传》,车师前部 (高昌壁),自伊吾北通车师前部高昌壁千二百里。居车师前部高昌壁。,汉常与匈奴争车师、伊吾。,领户千五百余。口四千余。胜兵二千人。,新疆吐鲁番市
51,汉朝,《后汉书·西域传》,车师后部 (金满城/候城),自高昌壁北通后部金满城五百里。居车师后部候城。,北与匈奴接。后部西通乌孙。,领户四千余。口万五千余。胜兵三千余人。以后部人三百帐别属役之。,新疆伊犁州霍城县
52,汉朝,《后汉书·西域传》,柳中,其北又有柳中。屯柳中。长史所居柳中。,膏腴之地。引水通沇。,,新疆吐鲁番市鄯善县
53,汉朝,《后汉书·西域传》,蒲昌海 (盐泽),一出葱领东流，一出于阗南山下北流，与葱领河合，东注蒲昌海。去玉门三百余里。,一名盐泽。,,新疆巴音郭楞州若羌县
54,汉朝,《后汉书·西域传》,南道,傍南山北，陂河西行至莎车，为南道。,,,新疆和田县
55,汉朝,《后汉书·西域传》,北道,自车师前王庭随北山，陂河西行至疏勒，为北道。,,,新疆塔什库尔干塔吉克自治县
56,汉朝,《后汉书·西域传》,拘弥 (宁弥),出玉门，经鄯善、且末、精绝三千余里至拘弥。居宁弥城。其国西接于阗三百九十里。,,领户二千一百七十三。口千七百六十人。胜兵千七百六十人。时人众裁有千口。,新疆和田地区于田县
57,汉朝,《后汉书·西域传》,于阗国,居西城。其东水东流，注盐泽。其南则河源出焉。,于阗南山下。一出于阗南山下北流。,领户三万二千。口八万三千。胜兵三万余人。,新疆和田县
58,汉朝,《后汉书·西域传》,西夜国,自于阗经皮山，至西夜。,地生白草。,户二千五百。口万余。胜兵三千人。,新疆喀什地区叶城县
59,汉朝,《后汉书·西域传》,子合国,居呼鞬谷，去疏勒千里。,,领户三百五十。口四千。胜兵千人。,新疆喀什地区叶城县
60,汉朝,《后汉书·西域传》,德若国,与子合相接。,其俗皆同。,领户百余。口六百七十。胜兵三百五十人。,新疆塔克拉玛干沙漠
61,汉朝,《后汉书·西域传》,莎车国,陂河西行至莎车。西经蒲犁、无雷至大月氏。莎车东北至疏勒。,,,新疆巴音郭楞州若羌县
62,汉朝,《后汉书·西域传》,疏勒国,随北山，陂河西行至疏勒。去长史所居五千里。,攻桢中城。,领户二万一千。胜兵三万余人。,新疆喀什地区英吉沙县
63,汉朝,《后汉书·西域传》,桢中城,攻桢中城。,,,新疆喀什地区英吉沙县
64,汉朝,《后汉书·西域传》,焉耆国,王居南河城，北去长史所居八百里。四面有大山，与龟兹相连。,道险阸易守。有海水曲入四山之内，周匝其城三十余里。,户万五千。口五万二千。胜兵二千余人。,新疆巴音郭楞州焉耆县
65,汉朝,《后汉书·西域传》,南河城,焉耆国王居南河城。,周匝其城三十余里。,,新疆阿克苏地区沙雅县
66,汉朝,《后汉书·西域传》,蒲类国,居天山西疏榆谷。,庐帐而居，逐水草，颇知田作。,户八百余。口二千余。胜兵七百余人。,新疆巴音郭楞蒙古自治州尉犁县
67,汉朝,《后汉书·西域传》,移支国,居蒲类地。,随畜逐水草，不知田作。,户千余。口三千余。胜兵千余人。,新疆阿勒泰市
68,汉朝,《后汉书·西域传》,东且弥国,东去长史所居八百里。,庐帐居，逐水草，颇田作。所居无常。,户三千余。口五千余。胜兵二千余人。,新疆昌吉市
69,汉朝,《后汉书·西域传》,交河城,车师前王居交河城。大破西域于交河城。,河水分流绕城，故号交河。,,新疆塔什库尔干塔吉克自治县
70,汉朝,《后汉书·西域传》,务涂谷,后王居务涂谷。,,,新疆昌吉回族自治州吉木萨尔县
71,汉朝,《后汉书·西域传》,且固城,攻围汉屯田且固城。,,,新疆巴音郭楞州轮台县
72,汉朝,《后汉书·西域传》,乌孙,在大宛东北二千里。,行国，随畜。,控弦数万，敢战。,新疆伊犁州
73,汉朝,《后汉书·西域传》,于阗国,而汉使穷河源，河源出于置，其山多玉石，采来，天子案古图书，名河所出山曰昆仑云。,,,新疆和田县
74,三国,《三国志》注引《魏略》 (裴松之),西域,从炖煌玉门关入西域，前有二道，今有三道。从玉门关西出，经婼羌转西，越葱领，经县度，入大月氏，为南道。从玉门关西出，发都护井，回三陇沙北头，经居卢仓，从沙西井转西北，过龙堆，到故楼兰，转西诣龟兹，至葱领，为中道。从玉门关西北出，经横坑，辟三陇沙及龙堆，出五船北，到车师界戊己校尉所治高昌，转西与中道合龟兹，为新道。凡西域所出，有前史已具详，今故略说。南道西行，且志国、小宛国、精绝国、楼兰国皆并属鄯善也。戎卢国、枅弥国、渠勒国皮、穴国皆并属于置。罽宾国、大夏国、高附国、天竺国皆并属大月氏。,,,新疆
75,三国,《三国志》注引《魏略》 (裴松之),鄯善国,含且志、小宛、精绝、楼兰,,并属鄯善。,新疆巴音郭楞州且末县
76,三国,《三国志》注引《魏略》 (裴松之),于阗国,含戎卢、枅弥、渠勒、皮穴,,并属于阗。,新疆和田县
77,三国,《三国志》注引《魏略》 (裴松之),焉耆国,含尉梨、危须、山王,,并属焉耆。,新疆巴音郭楞州焉耆县
78,三国,《三国志》注引《魏略》 (裴松之),龟兹国,含姑墨、温宿、尉头,,并属龟兹。,新疆阿克苏地区库车市
79,三国,《三国志》注引《魏略》 (裴松之),疏勒国,含桢中、莎车、竭石、渠沙、西夜、依耐、满犁、亿若、榆令、捐毒、休修、琴国,,并属疏勒。,新疆喀什市
80,三国,《三国志》注引《魏略》 (裴松之),车师后部,治于赖城,,含且弥、西且弥、单桓、毕陆、蒲陆、乌贪。,新疆昌吉回族自治州吉木萨尔县
81,晋朝,《晋书·四夷传》,焉耆,西去洛阳八千二百里。其地南至尉犁。北与乌孙接。军次其国。熙距战于贲仑城。,方四百里。四面有大山。道险隘。,,新疆巴音郭楞州焉耆县
82,晋朝,《晋书·四夷传》,尉犁,其地南至尉犁。进据尉犁。,,,新疆博尔塔拉蒙古自治州
83,晋朝,《晋书·四夷传》,遮留谷,未至十余里。熙又率众先要之于遮留谷。今谷名遮留。,,,新疆阿克苏地区库车市
84,晋朝,《晋书·四夷传》,龟兹,西去洛阳八千二百八十里。,人以田种畜牧为业。,,新疆阿克苏地区库车市
85,晋朝,《佛国记》,鄯善国,,其地崎岖薄瘠，俗人衣服粗与汉地同，但以毡褐为异。,,新疆巴音郭楞州且末县
86,晋朝,《佛国记》,于阗国,,其国丰乐，人民殷盛，尽皆奉法以法。,,新疆和田县
87,晋朝,《佛国记》,竭义国,从此西行，向北天竺，在道一月，得度葱岭。葱岭冬夏有雪，又有毒龙，若失其意，则吐毒风雨雪，飞沙砾石，遇此难者，万无一全。,其地山寒，不生余榖，唯熟麦耳。其国当葱岭之中，自葱岭已前，草木果实皆异，唯竹及安石榴、甘蔗三物，与汉地同耳。,,新疆博尔塔拉蒙古自治州精河县
88,南北朝,《魏书·西域传》,西域,至太延中，为十六国，分其地为四域。自葱岭以东，流沙以西为一域；葱岭以西，海曲以东为一域；者舌以南，月氏以北为一域；两海之间，水泽以南为一域。内诸小渠长盖以百数。其出西域本有二道，后更为四：出自玉门，渡流沙，西行二千里至鄯善为一道；自玉门渡流沙，北行二千二百里至车师为一道；从莎车西行一百里至葱岭，葱岭西一千三百里至伽倍为一道；自莎车西南五百里葱岭，西南一千三百里至波路为一道焉。,,,新疆
89,南北朝,《魏书·西域传》,鄯善国,都扜泥城，古楼兰。北邻白龙堆。,地多沙卤，少水草。,赋役比郡县；后役属于且末。,新疆巴音郭楞州且末县
90,南北朝,《魏书·西域传》,且末国,鄯善西，有流沙数百里。,夏有热风，老驼可预警。,后役属于鄯善。,新疆昌吉回族自治州奇台县
91,南北朝,《魏书·西域传》,于阗国,且末西北，葱岭北。,出玉石、桑麻；有赞摩寺、比摩寺。,貌类华夏，俗重佛法；曾杀吐谷浑王。,新疆和田县
92,南北朝,《魏书·西域传》,蒲山国,于阗南。,有冻凌山。,役属于于阗。,新疆巴音郭楞州轮台县
93,南北朝,《魏书·西域传》,悉居半国,于阗西（古西夜）。,产玉石。,随畜逐水草。,新疆阿克苏地区温宿县
94,南北朝,《魏书·西域传》,焉耆国,车师南，都员渠城。,产稻粟菽麦，养蚕（充绵），蒲萄酒。,俗事天神及佛；性剽悍，多次掠劫使者。,新疆巴音郭楞州焉耆县
95,南北朝,《魏书·西域传》,龟兹国,尉犁西北，都延城。,出细毡、铜、铁、孔雀、雌黄等；有膏水（如??糊）。,刑法严酷（刖足断臂）；俗性多淫。,新疆阿克苏地区库车市
96,南北朝,《魏书·西域传》,乌孙国,龟兹西北，赤谷城。,无城郭，逐水草。,曾多次受蠕蠕侵扰，西徙葱岭。,新疆伊宁市
97,南北朝,《魏书·西域传》,疏勒国,姑默西，白山南。,产稻粟麻麦、铜铁锡；有佛袈裟。,人手足皆六指。,新疆喀什市
98,南北朝,《北史·西域传》,西域,西域自汉武时五十余国，后稍相并，至太延中为十六国。分其地为四域：自葱岭以东，流沙以西为一域；葱岭以西，海曲以东为一域；者舌以南，月氏以北为一域；两海之间，水泽以南为一域。内诸小渠长，盖以百数。其出西域，本有二道，后更为四。出自玉门度流沙，西行二千里至鄯善为一道；自玉门度流沙，北行二千二百里至车师为一道；从莎车西行一百里至葱岭，葱岭西一千三百里至伽倍为一道；自莎车西南五百里，葱岭西南一千三百里至波路为一道焉。,,,新疆
99,南北朝,《北史·西域传》,鄯善国,古楼兰国，都扞泥城。北即白龙堆路。,地多沙卤，少水草。国出玉，多葭苇。,役其人，比之郡县。,新疆巴音郭楞州若羌县
100,南北朝,《北史·西域传》,且末国,在鄯善西，西北有流沙数百里。,有热风，夏日行旅之患。,,新疆昌吉回族自治州奇台县
101,南北朝,《北史·西域传》,于阗国,且末西北，葱岭北，东去鄯善千五百里。,多美玉，有好马、??、骡。城东有首拔河、树枝水（黄河）、达利水。,部内大城五，小城数十。俗重佛法，貌类华夏。,新疆和田县
102,南北朝,《北史·西域传》,蒲山国,故皮山国，在于阗南。,,役属于阗。,新疆阿克苏地区拜城县
103,南北朝,《北史·西域传》,悉居半国,故西夜国，在于阗西，一名子合。,土地出玉石。,,新疆阿克苏地区乌什县
104,南北朝,《北史·西域传》,渠莎国,故莎车城，在子合西北。,,,新疆阿克苏地区沙雅县
105,南北朝,《北史·西域传》,车师国,前部，王居交河城。北接蠕蠕。,,民饥荒，后遣子入侍。,新疆塔什库尔干塔吉克自治县
106,南北朝,《北史·西域传》,高昌,汉戊巳校尉旧治。东西二百里，南北五百里。,气候温暖，谷麦岁两熟，宜蚕，有赤盐、白盐、蒲桃酒。,城有十八，官制仿中夏（令尹、公、长史、将军）。,新疆吐鲁番市
107,南北朝,《北史·西域传》,且弥国,天山东于大谷，车师北。,,役属车师。,新疆乌鲁木齐市
108,南北朝,《北史·西域传》,焉耆国,在车师南，员渠城白山南。东去高昌九百里。,多稻、粟、菽、麦，畜有??、马。多鱼盐蒲苇。,城有九，无纲纪法令，俗事佛，焚尸葬。,新疆巴音郭楞州焉耆县
109,南北朝,《北史·西域传》,龟兹国,尉犁西北，白山南。东去焉耆九百里。,出细毡、铜、铁、安息香、良马。俗性多媱。,刑法严酷，杀人者死，劫贼断臂。,新疆阿克苏地区库车市
110,南北朝,《北史·西域传》,疏勒国,姑默西白山南。,多稻、粟、麻、麦、铜、铁、锡。,人手足皆六指。胜兵二千人。,新疆喀什市
111,南北朝,《洛阳伽蓝记·宋云行记》,鄯善城,从吐谷浑西行三千五百里。至鄯善城。,,总部落三千。,新疆巴音郭楞州若羌县
112,南北朝,《洛阳伽蓝记·宋云行记》,左末城,从鄯善西行一千六百四十里。至左末城。,土地无雨。决水种麦。耒耜而田。,居民可有百家。,新疆巴音郭楞州且末县
113,南北朝,《洛阳伽蓝记·宋云行记》,末城,从左末城西行一千二百特五里。至末城。,,,新疆和田县
114,南北朝,《洛阳伽蓝记·宋云行记》,捍mo城,从末城西行二十二里。至捍??城。,,,新疆哈密市巴里坤哈萨克自治县
115,南北朝,《洛阳伽蓝记·宋云行记》,于阗国,从捍??城西行八百七十八里。至于阗国。东西不过三千余里。,,,新疆和田县
116,南北朝,《梁书》,高昌国,盖车师之故地也。南接河南。东连炖煌。西次龟兹。北邻敕勒。置四十六镇。交河、田地、高宁、临川、横截、柳婆、洿林、新兴、由宁、始昌、笃进、白刀等。,其地高燥。筑土为城。架木为屋。土覆其上。寒暑与益州相似。备植九谷。多草木。,,新疆吐鲁番市
117,南北朝,《梁书》,焉耆,征其旁国波斯、盘盘、罽宾、焉耆、龟兹、疏勒、姑墨、于阗、句盘等国。,,,新疆巴音郭楞州焉耆县
118,南北朝,《梁书》,龟兹,西域之旧国也。灭其族。征其旁国波斯、盘盘、罽宾、焉耆、龟兹、疏勒、姑墨、于阗、句盘等国。所都曰延城。城有三重。外城与长安城等。,,,新疆阿克苏地区库车市
119,南北朝,《梁书》,于阗国,西域之属也。征其旁国波斯、盘盘、罽宾、焉耆、龟兹、疏勒、姑墨、于阗、句盘等国。有水出玉，名曰玉河。其治曰西山城。,其地多水潦沙石。气温。宜稻、麦、蒲桃。有屋室市井。,,新疆和田县
120,南北朝,《梁书》,渴盘陁国,于阗西小国也。西邻滑国，南接罽宾国，北连沙勒国。所治在山谷中。国有十二城。,城周回十余里。地宜小麦，资以为粮。,,新疆塔什库尔干塔吉克自治县
121,南北朝,《梁书》,末国,汉世且末国也。西与波斯接。,,胜兵万余户。,新疆和田县
122,唐朝,《大唐西域记》,屈支国,屈支国，东西千余里，南北六百余里。国大都城周十七八里。从此西行六百余里，经小沙碛，至跋禄迦国。,屈支。笯。赭。?捍。宜糜、麦，有粳稻，出蒲萄、石榴，多梨、柰、桃、杏。土产黄金、铜、铁、铅、锡。气序和，风俗质,,新疆阿克苏地区库车市
123,唐朝,《大唐西域记》,阿耆尼国,出高曷故地，自近者始，曰阿耆尼国。阿耆尼国，东西六百余里，南北四百余里。国大都城周六七里，四面据山，道险易守。从此西南行二百余里，逾一小山，越二大河，西得平川，行七百余里，至屈居支国。,泉流交带，引水为田。土宜糜、黍、宿麦、香枣、蒲萄、梨、柰诸果。气序和畅，风俗质直。文字取则印度，微有增损。,,新疆乌苏市
124,唐朝,《大唐西域记》,跋禄迦国（旧为姑墨）,跋禄迦国，东西六百余里，南北三百余里。国大都城周五六里。国西北行三百余里，度石碛，至凌山，此则葱岭北原，水多东流矣。山谷积雪，春夏含冻，虽时消泮，寻后结冰。经途险阻，寒风惨烈，多暴龙难，陵犯行人。暴风奋发，飞沙雨石，遇者丧没，难以全生。山行四百余里，至大清池，或名“热海”，又谓“咸海”。,土宜气序、人性风俗、文字、法则，同屈支国，语言少异。,,新疆阿克苏地区乌什县
125,唐朝,《大唐西域记》,朅盘陁国,朅盘陁国，周二千余里。国大都城基大石岭，背徙多河，周二十余里。从此东下葱岭东冈，登危岭，越洞谷，溪径险阻，风雪相继，行八百余里，出葱岭，至乌铩国。,山岭连属，川原隘狭，榖稼俭少，菽麦丰多，林树稀，花果少。原隰丘墟，城邑空旷。,,新疆塔什库尔干塔吉克自治县
126,唐朝,《大唐西域记》,乌铩国,乌铩国，周千余里。国大都城，周十余里，南临徙多河。,地土沃壤，稼穑殷盛，林树郁茂，花果具繁。多出杂玉，则有白玉、黳玉、青玉。气序和，风雨顺节。,,新疆喀什地区莎车县
127,唐朝,《大唐西域记》,祛沙国,周五千余里。从此东南行五百余里，济徙多河，逾大沙岭，至斫句迦国。,多沙碛，少壤土。稼穑殷盛，花果繁茂。出细毡褐，工织细??氍毹。气侯和畅，风雨顺序。,,新疆喀什市
128,唐朝,《大唐西域记》,斫句迦国,周千余里。国大都城，周十余里，坚峻险固，编户殷盛。,山阜连属，砾石弥漫，临带两河，颇以耕植，蒲萄、梨、柰，其果寔繁。时风寒，人躁暴。国南境有大山，崖岭嵯峨，峰峦重叠；草木凌寒，春秋一贯；溪涧浚濑，飞流四注，崖龛石室，棋布岩林。,,新疆喀什地区叶城县
129,唐朝,《大唐西域记》,瞿萨旦那国,周四千余里。,沙碛太半，壤土隘狭。宜榖稼，多众果。出氍毹、细毡，工纺绩???，又产白玉、黳玉。气序和畅，飘风飞埃。,,新疆和田县
130,唐朝,《大唐西域记》,尼壤城（今民丰）,媲摩川东入沙碛，行二百余里，至尼壤城。从此东行，入大流沙。,周三四里，在大泽中。泽地热湿，难以履涉，芦草荒茂，无复途径，唯趣城路，仅得通行，故往来者莫不由此城焉，而瞿萨旦那以为东境之关防也。,,新疆巴音郭楞州若羌县
131,唐朝,《大唐西域记》,大流沙（塔克拉玛干沙漠）,,从此东行，入大流沙，沙则流漫，聚散随风，人行无迹，遂多迷路，四远茫茫，莫知所指，是以往来者聚遗骸以记之。乏水草，多热风，风起则人畜惛迷，因以成病。,,新疆吐鲁番市鄯善县
132,唐朝,《新唐书·西域传》,高昌 (西昌州/西州),直京师西四千里而赢。其横八百里，纵三百里。凡二十一城。君集分兵略定，凡三州、五县、二十二城。号西昌州。改西昌州曰西州。更置安西都护府。,土沃。麦禾皆再熟。有草名白叠。度碛疲钝。,胜兵万人。户八千。口三万。马四千。,新疆吐鲁番市
133,唐朝,《新唐书·西域传》,交河城,王都交河城，汉车师前王廷也。拜侯君集为交河道大总管。,填隍引冲车。飞石如雨。,,新疆吐鲁番市
134,唐朝,《新唐书·西域传》,田地城,田地城，戊己校尉所治也。君集奄攻田地城。,,虏七千余人。,新疆吐鲁番市
135,唐朝,《新唐书·西域传》,廷州,使叶护屯可汗浮图城。及君集至，惧不敢发，遂来降，以其地为廷州。,,,新疆哈密市
136,唐朝,《新唐书·西域传》,焉耆国,直京师西七千里而赢。东高昌，西??兹，南尉犁，北乌孙。率兵出银山道。有轮台征之。,横六百里，纵四百里。逗渠溉田，有鱼盐利。四面大山，海水缭其外。大碛道。,户四千。胜兵二千。,新疆巴音郭楞州焉耆县
137,唐朝,《新唐书·西域传》,轮台,由北道者轮台征之。,北道。,,新疆博尔塔拉蒙古自治州
138,唐朝,《新唐书·西域传》,龟兹 (丘兹/屈兹),自焉耆西南步二百里，度小山，经大河二，又步七百里乃至。东距京师七千里而赢。居伊逻卢城。以其地为??兹都督府。,横千里，纵六百里。土宜麻、麦、粳稻、蒲陶。阿羯田山（白山）常有火。西北五百里至素叶水城。沙碛荒绝。,那利以西突厥并国人万余来战。斩首三千级。斩八千级。男女数万。,新疆阿克苏地区库车市
139,唐朝,《新唐书·西域传》,伊逻卢城,居伊逻卢城，北倚阿羯田山。,北倚阿羯田山。,,新疆阿克苏地区库车市
140,唐朝,《新唐书·西域传》,跋禄迦 (亟墨/姑墨国),自龟兹赢六百里，逾小沙碛，有跋禄迦。即汉姑墨国。,赢六百里，逾小沙碛。横六百里，纵三百里。,,新疆阿克苏地区温宿县
141,唐朝,《新唐书·西域传》,疏勒 (祛沙),环五千里，距京师九千里而赢。居迦师城。,多沙碛，少壤土。,胜兵二千人。,新疆喀什市
142,唐朝,《新唐书·西域传》,朱俱波 (朱俱盘/子合国),汉子合国也，并有西夜、蒲犁、依耐、得若四种地。直于阗西千里，葱领北三百里，西距喝盘陀，北九百里属疏勒。,葱领北。,胜兵二千人。,新疆和田地区于田县
143,唐朝,《新唐书·西域传》,喝盘陀 (汉陀/渴馆檀/渴罗陀),由疏勒西南入剑末谷、不忍领六百里，其国也。直朱俱波西，南距悬度山，北抵疏勒。治葱岭中。都城负徒多河。,治葱岭中，都城负徒多河。葱领俗号极嶷山，环其国。西南即头痛山也。,胜兵千人。,新疆塔什库尔干塔吉克自治县
144,唐朝,《新唐书·西域传》,于阗 (瞿萨旦那/涣那/屈丹/于遁/豁旦),距京师九千替换里，瓜州赢四千里，并有汉戎卢、杅弥、渠勒、皮山五国故地。其居曰西山城。以其地为毗沙都督府。,有玉河。西有沙碛。东三百里有建德力河。,胜兵四千人。身率子弟酋领七十人来朝。析十州。,新疆和田县
145,唐朝,《新唐书·西域传》,建德力河,于阗东三百里有建德力河。,,,新疆和田地区于田县
146,唐朝,《新唐书·西域传》,精绝国,七百里有精绝国。,,小国。,新疆昌吉回族自治州玛纳斯县
147,唐朝,《新唐书·西域传》,汗弥 (拘弥/宁弥),河之东有汗弥，居达德力城，亦曰拘弥城，即宁弥故城。,达德力城。,小国。,新疆和田地区于田县
148,宋朝,《宋史·外国六》,于阗国,去京师（汴梁）九千九百里。西南抵葱岭与婆罗门接（相去三千余里），东接吐蕃，西北至疏勒二千余里。,国城东有白玉河，西有绿玉河，次西有乌玉河（源出昆冈山）。土宜蒲萄，可酿美酒。地产美玉、乳香、金星石、龙盐等。,,新疆和田县
149,宋朝,《宋史·外国六》,高昌国,汉车师前王之地。南距于阗，西南距大食、波斯，西距西天步路（涉雪山葱岭），皆数千里。后由回鹘统治。,地无雨雪而极热，每盛暑，居人皆穿地为穴以处。飞鸟群萃河滨，或起飞即为日气所烁，坠而伤翼。有水源出金岭，导之周围国城，以溉田园，作水硙。地产五谷，惟无荞麦。贵人食马，余食羊及凫雁。乐多琵琶、箜篌，出貂鼠、白??绣文花蕊布。,所统有南突厥、北突厥、大众熨、小众熨、样磨、割禄、黠戛司末蛮、格哆族、预龙族之名甚众。,新疆吐鲁番市
150,宋朝,《宋史·外国六》,北廷,西抵安西，即唐之西境。,北廷川长广数千里。多美草，不生花。地多马。北山出硇砂（山中有烟气、光焰若炬，采者须着木底鞋）。多楼台卉木。,,新疆昌吉回族自治州吉木萨尔县
151,宋朝,《宋史·外国六》,龟兹,本回鹘别种。西至大食国行六十日；东至夏州九十日。或称西州回鹘，或称西州龟兹，又称龟兹回鹘。,,,新疆阿克苏地区库车市
152,宋朝,《西州使程记》,伊州,次历伊州。,地有野蚕生苦参上。有羊。又有砺石。又生胡桐树。,,新疆哈密市
153,宋朝,《西州使程记》,纳职城,次历纳职城。城在大患鬼魅碛之东南。望玉门关甚近。,地无水草。,,新疆哈密市巴里坤哈萨克自治县
154,宋朝,《西州使程记》,鬼谷口 (避风驿),凡三日。至鬼谷口避风驿。,,,新疆喀什地区莎车县
155,宋朝,《西州使程记》,泽田寺,凡八日。至泽田寺。,,,新疆吐鲁番市
156,宋朝,《西州使程记》,宝庄,次历地名宝庄。,,,新疆哈密市
157,宋朝,《西州使程记》,高昌 (西州),又历六种。乃至高昌。高昌即西州也。其地南距于阗。西南距大食、波斯。西距西天步路涉、雪山、葱岭。,地无雨雪而极热。每盛暑。居人皆穿地为穴以处。雨及五寸。即庐舍多坏。有水。源出金岭。导之周围国城。以溉田园。作水硙。地产五谷。惟无荞麦。俗好骑射。佛寺五十馀区。,,新疆吐鲁番市
158,宋朝,《西州使程记》,交河州,历交河州。凡六日。,,,新疆吐鲁番市高昌区
159,宋朝,《西州使程记》,金岭口,至金岭口。,宝货所出。,,新疆昌吉回族自治州吉木萨尔县
160,宋朝,《西州使程记》,汉家砦,又两日。至汉家砦。,,,新疆昌吉回族自治州吉木萨尔县
161,宋朝,《西州使程记》,金岭 (小雪山),又五日。上金岭。过岭即多雨雪。岭上有积雪。,岭上有龙堂。刻石记云。小雪山也。,,新疆昌吉回族自治州吉木萨尔县
162,宋朝,《西州使程记》,北廷 (北庭),度岭一日至北廷。西抵安西。,北廷川长广数千里。鹰鹞雕鹘之所生。多美草。不生花。砂鼠大如?。鸷禽捕食之。北廷北山中出硇砂。山中尝有烟气涌起。无云雾。至夕光焰若炬火。照见禽鼠皆赤。下有穴生青泥。出穴外即变为砂石。土人取以治皮。城中多楼台卉木。,,新疆昌吉回族自治州吉木萨尔县
163,元朝,《元史·地理六·西北地附录》,畏兀儿地 (回鹘五城/和州),立畏兀儿四处站及交钞库。自上都西北行六千里，至回鹘五城。立别失八里和州等处宣慰司。,唐号北庭，置都护府。大和岭。大碛道。,,新疆吐鲁番市
164,元朝,《元史·地理六·西北地附录》,阿力麻里,诸王海都行营于阿力麻里等处，盖其分地也。自上都西北行六千里至回鹘五城，又西北行四五千里至阿力麻里。,远遁二千余里。,诸军。,新疆和田县
165,元朝,《元史·地理六·西北地附录》,北庭,世祖逆败之于北庭。,唐号北庭，置都护府。,,新疆昌吉回族自治州吉木萨尔县
166,元朝,《元史·地理六·西北地附录》,别失八里,掌别失八里军站事。戍别失八里。自大和岭至别失八里置新站三十。立别失八里和州等处宣慰司。二十四城之中，有察带二城。,畏兀城子里军站。屯田别失八里。置元帅府。大和岭。,军站事。军。万户綦公直。新附兵千人。,新疆昌吉回族自治州吉木萨尔县
167,元朝,《元史·地理六·西北地附录》,彰八里,掌彰八里军站事。,军站。,,新疆昌吉市
168,元朝,《元史·地理六·西北地附录》,察带 (二城),元隶只必帖木儿二十四城之中，有察带二城。,,,新疆塔城额敏县
169,元朝,《长春真人西游记》,和州,此阴山前三百里和州也。,其地大热。,,新疆吐鲁番市
170,元朝,《长春真人西游记》,鳖思马大城,西即鳖思马大城。此大唐时北庭端府。,大城。,王官、士庶、僧道数百。,新疆昌吉回族自治州吉木萨尔县
171,元朝,《长春真人西游记》,轮台,其西三百余里，有县曰轮台。宿轮台之东。,县。,,新疆和田地区策勒县
172,元朝,《长春真人西游记》,昌八剌城,至回纥昌八剌城。,城。园蔬同中区。,,新疆昌吉州阜康市
173,元朝,《长春真人西游记》,白骨甸,白骨甸大沙分流也。,沙细。遇风则流。状如惊涛。乍聚乍散。寸草不萌。车陷马滞。沙场。,,新疆喀什地区泽普县
174,元朝,《长春真人西游记》,阿里马城,至阿里马城。宿于西果园。,多果实。农者亦决渠灌田。流水。,诸部人。,新疆和田县
175,元朝,《长春真人西游记》,金山,师自金山至此。又西南至金山。,山。,,新疆阿克苏市
176,元朝,《长春真人西游记》,银山,银山铁壁千万重。,千万重。,,新疆吐鲁番市
177,元朝,《长春真人西游记》,阿里马城 (阿里马),至阿里马城西百余里。至阿里马城之东园。,绝无种养（指其南千里外）。大河。,营三坛四百余人。,新疆和田县
178,元朝,《长春真人西游记》,金山,复经金山东南北并山行。道院西南望金山。,山。多雨雹。五六月间或有大雪。,,新疆阿勒泰市
179,元朝,《长春真人西游记》,俭俭州,西北千余里俭俭州。,出良铁。亦收??麦。,汉匠千百人。,新疆喀什地区莎车县
180,明朝,《西域行程记》,别失八里,地沙漠间。东连哈密。西至撒马儿罕。后为帖木儿驸马所夺。今止界于养夷。西北至脱忽麻。北与瓦剌相接。南至关河。其封域之内惟鲁陈、火州、术尔番、哈石哈、阿力、马力数处略有城邑民居。,逐水草。不建城郭宫室。不树桑麻。不务耕织。间种穄麦。气候极寒。平旷之地夏秋略暖。深山大谷六月飞雪。,人民可以万计。,新疆昌吉回族自治州吉木萨尔县
181,明朝,《西域行程记》,土尔番,在火州之西仅百里。即古交河县之安乐城。去城西北百余里有灵山。城西三十里有小城名崖现城。循峡而东南行六七里临一高崖。顺峡而东下一石崖。向南行数里。又南行数里。周行群山约二十余里。,城方一二里。居平地中。四面山大而远。天气多暖少寒。鲜雨雪。不种水稻。畜羊马。四面峻壁穷崖。千态万状。草木不生。禽兽稀少。,,新疆吐鲁番市高昌区
182,明朝,《西域行程记》,崖现城 (崖儿城),在土尔番城二十里。二水交流。断居中因崖为城。,广不二里。,居民百家。,新疆吐鲁番市高昌区
183,明朝,《西域行程记》,盐泽,在崖儿城之西南。去土尔番三千余里。城北有矮山崖。,城居平原中。广不二里。,居民有家。,新疆库尔勒市
184,明朝,《西域行程记》,火州,在鲁陈城之西七十里。城近北山下。自陜西行都司、肃州、嘉峪山关至一月之程。,地势卑下。山色青红若红火。天气多热。城方十里。风物萧条。东有荒城。,,新疆吐鲁番市高昌区
185,明朝,《西域行程记》,鲁陈城,古之柳中县。在火州东。去哈密约千余里。其间径一川沙碛。名瀚海。出川至流河沙。河上有小岗。道北有山名火焰山。,漠漠茫然无水草。大风。流沙。城方二三里。四面多田园。沇水环绕。树林阴翳。土宜穄、麦豆。畜养牛羊、马鸵。气候和暖。,,新疆喀什地区莎车县
186,明朝,《西域行程记》,哈密,密城居平州中。惟东北二门。东有溪水西南流。北面大山。三面平旷。东南去肃州卫约一千六百余里。中间亦有大川约三百余里。二三日方出川。北至瓦剌地面。西去火州三个城约十里。,周围三四里。农耕须粪壤。惟穄米、大小二麦。地多陷卤。,人民数百户住矮居。,新疆哈密市
187,明朝,《西域行程记》,葱岭,径别失八里之西南。即土尔番之边鄙也。度一山峡。复登一山。岭下地沮洳。,山峡积雪初消。迥无树木。遍地多葱。雪水喷涌如泉沇出。历历满山。四面空旷。,,帕米尔高原
188,明朝,《西域行程记》,哈密,古伊州之地。荒村漠漠连天阔。,众木掀掀向日荣。,,新疆哈密市
189,明朝,《西域行程记》,火焰山,继火焰山。,一片青烟一片红。炎炎气焰欲烧空。春光未半浑如夏。,,新疆吐鲁番市高昌区
190,明朝,《西域行程记》,鲁陈城,柳中城里。古塞老山晴见雪。孤村僧舍暮闻钟。,楚水秦川。春风。,,新疆喀什地区莎车县
191,明朝,《西域行程记》,火州,哈密火州城。即古之高昌之地。,城郭萧条市肆稀。,,新疆吐鲁番市高昌区
192,明朝,《西域行程记》,土尔番城,路出榆关几十程。诏书今到土番城。,,,新疆吐鲁番市高昌区
193,明朝,《西域行程记》,崔现城,古车师之地。后为交河县。,沙河二水自交流。天设危城水上头。断壁悬崖多险要。荒台废址几春秋。,,新疆准噶尔盆地东部
194,明朝,《西域行程记》,别失八里,连断碛。远山近山相参差。,漠漠平沙。黑石磷磷。寒日凝辉。朔风捲地。雪满阴山六月寒。,,新疆昌吉回族自治州吉木萨尔县
195,明朝,《西域行程记》,高昌,发酒泉郡。出玉门关。道敦煌月氏。经高昌之故地。,,,新疆吐鲁番市
196,明朝,《西域行程记》,车师,发酒泉郡。出玉门关。道敦煌月氏。经车师之故地。,,,新疆吐鲁番市
197,明朝,《明史·西域传》,哈密 (哈密卫/城),东去嘉峪关一千六百里。汉伊吾卢地。以哈密为西域要道。其地北瓦剌，西土鲁番。移哈密卫于其地。,领屯田。地多陷卤。北面大山。三面平旷。地宜五谷、桑麻。膏腴之地。引水通沇。,沙州叛亡百余家。乜克力之众退居苦峪。户八千。口三万。马四千。西凉人苏守信劫乱。三种番人。后部人三百帐。,新疆哈密市
198,明朝,《明史·西域传》,高昌 (古高昌之地/火州),自伊吾北通车师前部高昌壁千二百里。高昌旧冶。,气候极寒。平旷之地。夏秋略暖。深山大谷六月飞雪。,汉匠千百人。,新疆吐鲁番市高昌区
199,明朝,《明史·西域传》,柳中,其北又有柳中。屯柳中。出据柳中。西屯柳中。,膏腴之地。,,新疆吐鲁番市鄯善县
200,明朝,《明史·西域传》,柳城 (鲁陈/柳陈城/柳中),一名鲁陈，又名柳陈城，即后汉柳中地。西去火州七十里，东去哈密千里。经一大川。出大川，渡流沙，在火山下。,广二三里。四面皆田园，流水环绕，树木阴翳。土宜穄、麦、豆、麻。蓄有牛、羊、马、驼。节候常和。大川沙碛。流沙。,,新疆吐鲁番市高昌区
201,明朝,《明史·西域传》,火州 (哈剌),在柳城西七十里，土鲁番东三十里，即汉车师前王地。西北连别失八里。,其地多山，青红若火。气候热。城方十里。东有荒城。五谷畜产与柳城同。,僧寺多于民居。,新疆吐鲁番市高昌区
202,明朝,《明史·西域传》,别失八里,西去火州七十里，东去哈密千里（指柳城位置，行经别失八里边鄙）。西北连别失八里。,,,新疆昌吉回族自治州吉木萨尔县
203,明朝,《明史·西域传》,土鲁番 (安乐城),在火州西百里，去哈密千余里，嘉峪关二千六百里。唐灭高昌，置西州及交河县，此则交河县安乐城也。其地介于阗、别失八里诸大国间。,汉车师前王地。并有火州、柳城。,,新疆吐鲁番市
204,明朝,《明史·西域传》,于阗,其地介于阗、别失八里诸大国间。,,,新疆吐鲁番市高昌区
205,明朝,《明史·西域传》,哈密 (哈密卫/城/哈梅里),东去嘉峪关一千六百里。汉伊吾卢地。明帝置宜禾都尉，领屯田。为西域要道。其地北瓦剌，西土鲁番，东沙州、罕东、赤斤诸卫。移哈密卫于其地。哈密故有回回、畏日儿、哈剌灰三种。元诸王日纳失里居之。开哈梅里之路。,领屯田。地多山，青红若火。气候热。城方十余里。东有荒城。五谷畜产与柳城同。大漠。边防要地。,沙州叛亡百余家。乜克力之众退居苦峪。三种番人。瓦剌奄檀王人马一万。回回、畏日儿、哈剌灰三种。部帐来归。几千帐来归。斩一千四百人。获王子别列怯部属千七百三十人。部族数千户。,新疆吐鲁番市高昌区
206,明朝,《明史·西域传》,火州,在火州西百里。后侵掠火州、柳城，皆为所并。,汉车师前王地。隋高昌国。,,新疆吐鲁番市高昌区
207,明朝,《明史·西域传》,柳城,后侵掠火州、柳城，皆为所并。,汉车师前王地。,,新疆吐鲁番市高昌区
208,明朝,《明史·西域传》,骗马城,墓西四十里曰骗马城。,,,新疆哈密市巴里坤哈萨克自治县
209,明朝,《明史·西域传》,哈梅里,哈梅里地近甘肃，元诸王日纳失里居之。,,,新疆哈密市巴里坤哈萨克自治县
210,明朝,《明史·西域传》,别失八里 (亦力把里/焉耆/龟兹),西域大国也。南接于阗，北连瓦剌，西抵撒马儿罕，东抵炎州，东南距嘉峪关三千七百里。或曰焉耆，或曰龟兹。更国号曰亦力把里。介于阗、别失八里诸大国间。,宣慰司。元帅府。随水草畜牧。地极寒，深山穷谷，六月亦飞雪。无城郭宫室。,获撒马儿罕商人数百。使者臣不得过二具（指元代及明代使臣定额）。,新疆昌吉回族自治州吉木萨尔县
211,明朝,《明史·西域传》,于阗,自汉迄宋皆通中国。南距葱岭二百余里，东北去嘉峪关六千三百里。以北于阗最大。其国东有白玉河，西有绿玉河，又西有黑玉河，源皆出昆仑山。介于阗、别失八里诸大国间。,水草。宛然中土。桑麻黎禾。白玉河。绿玉河。黑玉河。,人民仅万计。,新疆吐鲁番市鄯善县
212,清朝,《西域闻见录》,南路 (总述),冰雪之水，冬夏涌流。资于灌溉。,,,南疆
213,清朝,《西域闻见录》,北路 (总述),准噶尔故地。,,,北疆
214,清朝,《西域闻见录》,雪山,自古积雪。冰雪之水。,,,新疆阿克苏地区温宿县
215,清朝,《西域闻见录》,莫勒土斯围,逾千里。水畅草肥。宜于游牧。,,,新疆哈密市巴里坤哈萨克自治县
216,清朝,《西域闻见录》,哈密,钱粮总汇之地。周四里有奇。关外第一要冲。夏极热，冬极寒。土产二麦、谷糜、瓜、蒲桃。,兵一千。回户不满二千家。商贾云集。,,新疆哈密市
217,清朝,《西域闻见录》,巴里坤,地本极寒。五六月间犹飞雪霰。二麦谷糜渐可树艺。,携眷满兵一千。总兵官一员。标兵三千。移驻民户。古城设领队大臣一员。携眷满兵一千。,,新疆哈密市巴里坤哈萨克自治县
218,清朝,《西域闻见录》,乌鲁木齐,山川灵秀，沃野千里，草肥水甘。足资耕牧。周十里有奇。沙冈环绕，其下产煤盛旺。开垦。,携眷满兵三千。协领等官七十八员。携眷汉兵二千。参游等官百余员。兵五千三百。副参等官百余员。民户数千家。发遣人犯数千。,,新疆乌鲁木齐市
219,清朝,《西域闻见录》,伊犁,总统南北两路。伊犁川。周十八里有奇。其下多煤，其阴产铁。开垦荒芜。,满汉官兵驻札。参赞大臣、都统、办事大臣、领队大臣、提督、总兵。各领队大臣。司官四员。笔帖式四员。管粮司官一员。抚民同知一员。巡检二员。卡伦侍卫三十余员。满兵三千八百名。协领等官一百二十八员。发遣内地犯人二千余名。惠宁城驻防领队大臣一员。协领等官五十余员。兵千九百。回民六千户。领兵五百。,,新疆喀什地区叶城县
220,清朝,《西域闻见录》,哈什,回环数百里。其上多银。将军围场。,哈什回子之城。,,新疆喀什市
221,清朝,《西域闻见录》,博罗他拉 ,川。温泉。赛里木淖儿。,驻防察哈尔携眷兵一千。总管、副总管领之。,,新疆昌吉市
222,清朝,《西域闻见录》,乌哈尔里克,屯田所。二十六工。乌哈拉里克之河。开渠引之入城。环城西北来。,绿旗兵二千六百。流犯千余。屯田二十六工。副参等官百二十员。总兵一员（统两城）。,,新疆伊犁州霍城县
223,清朝,《西域闻见录》,莫怀图,,,,新疆巴音郭楞州轮台县
224,清朝,《西域闻见录》,库车托木,,,,新疆阿克苏地区库车市
225,清朝,《西域闻见录》,挤拉噶朗,山。冬夏温和。,,,新疆乌鲁木齐市
226,清朝,《西域闻见录》,库色木克什,山。冬夏温和。,,,新疆和田地区民丰县
227,清朝,《西域闻见录》,伊犁河,巨流，迅急湍激。中多鱼。西北流入沙而伏。,,,新疆伊宁市
228,清朝,《西域闻见录》,南川,川。有八堡。其东皆深林丰草，其西皆苇湖。杂耕。,驻防携眷席伯兵一千。分八旗。总管、副总管领之。回人杂耕。,,新疆哈密市
229,清朝,《西域闻见录》,西川,平原。川。,驻携眷索伦兵六百。达呼里兵四百。总管、副总管领之。,,新疆伊犁州霍城县
230,清朝,《西域闻见录》,军台/卡伦,军台十二。沿边卡伦三十。,沿边卡伦三十。,,新疆吐鲁番市鄯善县
231,清朝,《西域闻见录》,挞拉巴哈台,严疆，土宇广阔。南至伊犁十八站，北至哈萨克七口。极寒，冬雪盈丈。建筑城垣，周回复里。河水畅流。山场丰美。,参赞大臣一员。领队大臣一员。司官二员。笔帖式三员。同知一员。听差及卡伦侍卫七员。屯田汉兵一千（参将游击领）。轮班调拨兵一千五百（协领领）。土尔扈特亲王策伯克多尔济之部落三千余口。,,新疆哈密市
232,清朝,《西域闻见录》,辟展,周五里有奇。辖军站六台。,兵三百五十。,,新疆吐鲁番市鄯善县
233,清朝,《西域闻见录》,土尔番,夏极炎热。东南一带为火焰山（沙山），绝无草木。冬日无祁寒大雪。土产麦谷、胡麻、甜瓜、西瓜、葡萄。土田肥沃，多棉豆之利。北有怪风，南皆戈壁。,合而计之不过三千余户。,,新疆巴音郭楞州焉耆县
234,清朝,《西域闻见录》,哈喇沙拉,周仅三里。著勒土斯山场回环千里，草肥水甘。开都河水畅流，足资灌溉。果木黍稷盘空被野。牧场毡帐云屯，教之耕种。,兵六百。城中回人及土尔扈特人等杂处（乌巴锡部落、霍硕特部落安插于此）。,,新疆巴音郭楞州焉耆县
235,清朝,《西域闻见录》,库尔勒,地方辽阔。开都河水潆绕，多鱼??、芦雁、蒲鸭。土产稻米、二麦、葡萄、瓜果。,回子七百余户。无内地官兵防守。,,新疆阿克苏地区库车市
236,清朝,《西域闻见录》,布古尔,芦荡蒲滩，绵渺无际。山场丰美。为西入回地之咽喉（设有苇湖之土桥过渡）。,仅存百余户（后徙惰兰回子五百户实其地，共约六百余户）。无内地官兵。,,新疆巴音郭楞州轮台县
237,清朝,《西域闻见录》,库车,周九里余。天少雨，耕种皆资灌漑。城西为渭千大河，开渠引水。城北有硝磺石洞，春夏秋洞中皆火。有军台十处。,兵三百。城乡回子一千余户。,,新疆喀什市
238,清朝,《西域闻见录》,沙雅尔,紧依渭干河岸。地下湿炎热。宜于粳稻，瓜果皆佳，梨尤精绝。近城皆苇湖。不设官兵。,回子七百余户。,,新疆巴音郭楞州若羌县
239,清朝,《西域闻见录》,乌什,诸峰环抱，大河萦绕其北。山场丰蔚，苇荡深邃。设有屯田、牧场、军台、钱法诸务局。城内无回人居住。,满兵二百。汉兵一千。绿营屯兵四百（耕其荒废之地）。后徙回子五百户于城外分布散处。,,新疆阿克苏地区乌什县
240,清朝,《西域闻见录》,阿克苏,土田广沃。芝麻、二麦、谷豆、黍棉、桃杏、葡萄、瓜菜之属塞圃充园。街市纷纭。,人二万余户。内地商民、外番贸易鳞集星萃。,,新疆阿克苏市
241,清朝,《西域闻见录》,拜城,地寒，粮米、瓜果甚稀。,人四五百户。无官兵防守。,,新疆昌吉回族自治州玛纳斯县
242,清朝,《西域闻见录》,赛里木,处于雪山之麓，地寒。所树惟二麦、豌豆、甜瓜、葡萄。无官兵。,回城。,,新疆昌吉市
243,清朝,《西域闻见录》,叶尔羌,周十数里。土地平旷。其地有河（和阗、玉咙、哈什哈琅圭、塔克河等）产玉石子。米尔台搭班徧山皆玉。土田平旷。设有卡伦八处，军站十三台。,满兵三百。城守汉兵六百五十五。人丁七八万户（其余九城各千户）。中国商贾与外番贸易之人蜂聚。,,新疆昌吉回族自治州吉木萨尔县
244,清朝,《西域闻见录》,和阗 ,土田平旷，沃野千里。皆出玉子。瓜果咸备。盛产原蚕山茧，织袖绢茧布。,绿营兵二百三十二。户口繁多（回民以万计，分布于六城）。,,新疆巴音郭楞蒙古自治州和静县
245,清朝,《西域闻见录》,喀什噶尔,地土膏腴。设有卡伦十二处。阿尔古城依雪山（过雪山四日可抵伊犁）。,防兵二百二十。汉兵二百五十。镇城与回城相连，极繁盛。英阿萨尔回城设总兵一员（镇兵额未详述）。,,新疆喀什市
246,清朝,《西域闻见录》,英阿萨尔 ,最为紧要。土产稻米、二麦、麻豆、瓜果甚盛。,设总兵一员（其直属兵额于此未详标）。回城。,,新疆喀什地区莎车县
247,清朝,《西域闻见录》,伊犁,地广草肥水甘。易蕃牲畜。设有官兵屯田防守。,控弦之众百余万（旧时额鲁特总数）。袭杀兵一千五百人。叛乱时留守满汉官兵仅五百余人。诛其男妇子女逾百万人。,,新疆伊犁州
248,清朝,《西域闻见录》,乌鲁木齐,沃野。开垦。,,,新疆乌鲁木齐市
249,清朝,《西域闻见录》,雅尔,牧场。,各有阿拉巴图数千户。,,新疆吐鲁番市鄯善县
250,清朝,《西域闻见录》,土斯,牧场。,,,新疆乌鲁木齐市
251,清朝,《西域闻见录》,玛纳斯,沃野。开垦。,,,新疆昌吉市
252,清朝,《西域闻见录》,巴彦,沃野。开垦。,,,新疆巴音郭楞州且末县
253,清朝,《西域闻见录》,沙雅尔,回疆绿洲。郭壁大近星宿海，沮洳难行。,,,新疆巴音郭楞州若羌县
254,清朝,《西域闻见录》,乌什,回城。穆肃尔达坂（冰山险阻）。,亲丁百余骑。,,新疆阿克苏地区乌什县
255,清朝,《西域闻见录》,巴里坤,边关要冲。,,,新疆哈密市巴里坤哈萨克自治县
256,清朝,《清史稿》,迪化府,筑土城、筑新城、筑满城。,,,新疆乌鲁木齐市
257,清朝,《清史稿》,镇西直隶厅 ,阿尔泰山以东地。建城于巴尔库勒。筑会宁城。,,,新疆巴音郭楞州若羌县
258,清朝,《清史稿》,吐鲁番直隶厅,建六城于辟展。以吐鲁番广安城为回城。,,,新疆吐鲁番市鄯善县
259,清朝,《清史稿》,哈密直隶厅 ,始建城。移靖逆、瓜州、黄墩各营驻之。,,,新疆哈密市
260,清朝,《清史稿》,库尔喀喇乌苏直隶厅,筑庆绥城、筑新城。,,,新疆阿克苏地区乌什县
261,清朝,《清史稿》,伊犁府,筑河北九城。收回伊犁。以绥定城置府。,,,新疆伊宁市
262,清朝,《清史稿》,塔尔巴哈台直隶厅,筑城雅尔（名曰肇丰），改筑城于楚呼楚（名曰绥靖）。专理游牧。,,,新疆吐鲁番市鄯善县
263,清朝,《清史稿》,精河直隶厅,始建安阜城于精河，于城东二里建新城。,,,新疆昌吉回族自治州吉木萨尔县
264,清朝,《清史稿》,温宿府,回部平。筑新城为府治。,,,新疆阿克苏市
265,清朝,《清史稿》,焉耆府,占为牧场。始建城。,,,新疆巴音郭楞州焉耆县
266,清朝,《清史稿》,库车直隶州,改名库车。,,,新疆喀什市
267,清朝,《清史稿》,鸟什直隶厅,筑永宁城。移驻防。留办事。,,,新疆阿克苏地区乌什县
268,清朝,《清史稿》,疏勒府,于沽溇巴海筑徕宁城。于哈喇哈依筑新城。,,,新疆喀什市
269,清朝,《清史稿》,莎车府,平定霍集占。筑新城。,,,新疆昌吉回族自治州吉木萨尔县
270,清朝,《清史稿》,和阗直隶州,回城。,,,新疆和田县
271,清朝,《清史稿》,央吉沙尔直隶厅,故回庄。,,,新疆喀什地区莎车县
